{
  "train_loss": [
    0.7155776261922304,
    0.7043259825365678,
    0.7027381077670531,
    0.7009546680568854,
    0.699064301686313,
    0.7000949156204908,
    0.6978310388120863,
    0.697050677856339,
    0.697197056567575,
    0.6966085691368269
  ],
  "val_loss": [
    0.7107025458831195,
    0.7000390737093696,
    0.6999310982781787,
    0.6978046087793601,
    0.7012531771216282,
    0.7161924199078434,
    0.6988702379455862,
    0.6943991246611573,
    0.6983577269454335,
    0.7007323122301767
  ],
  "train_acc": [
    49.64869775893398,
    49.34282253179891,
    49.90308903694731,
    50.15445184736523,
    50.05754088431254,
    49.569957601453666,
    50.15445184736523,
    50.30890369473047,
    49.739551786795886,
    49.60024227740763
  ],
  "val_acc": [
    49.236918604651166,
    49.224806201550386,
    49.7093023255814,
    49.66085271317829,
    50.83575581395349,
    49.794089147286826,
    50.121124031007746,
    50.242248062015506,
    49.37015503875969,
    49.81831395348838
  ]
}